rank_name,position,seat,seat_span,row_letter,seat_number,title,name,full_text
ĐỒNG CHÍ NGUYỄN ĐỨC HẢI,NGUYÊN PHÓ CHỦ TỊCH QUỐC HỘI NƯỚC CHXHCN VIỆT NAM,A20,,A,20,ĐỒNG CHÍ,NGUYỄN ĐỨC HẢI,ĐỒNG CHÍ | NGUYỄN ĐỨC HẢI | NGUYÊN PHÓ CHỦ TỊCH QUỐC HỘI NƯỚC CHXHCN VIỆT NAM
THƯỢNG TƯỚNG TRẦN QUANG PHƯƠNG,"NGUYÊN UVBCHTW ĐẢNG, NGUYÊN PHÓ CHỦ TỊCH QUỐC HỘI",A18,,A,18,THƯỢNG TƯỚNG,TRẦN QUANG PHƯƠNG,"THƯỢNG TƯỚNG | TRẦN QUANG PHƯƠNG | NGUYÊN UVBCHTW ĐẢNG, NGUYÊN PHÓ CHỦ TỊCH QUỐC HỘI"
ĐỒNG CHÍ NGUYỄN HẢI NINH,"UỶ VIÊN BCHTW ĐẢNG, CHÁNH VĂN PHÒNG TRUNG ƯƠNG ĐẢNG",A16,,A,16,ĐỒNG CHÍ,NGUYỄN HẢI NINH,"ĐỒNG CHÍ | NGUYỄN HẢI NINH | UỶ VIÊN BCHTW ĐẢNG, CHÁNH VĂN PHÒNG TRUNG ƯƠNG ĐẢNG"
ĐỒNG CHÍ NGUYỄN THANH NGHỊ,"UV BCT, BÍ THƯ TWĐ, TRƯỞNG BAN CHÍNH SÁCH, CHIẾN LƯỢC TW",A14,,A,14,ĐỒNG CHÍ,NGUYỄN THANH NGHỊ,"ĐỒNG CHÍ | NGUYỄN THANH NGHỊ | UV BCT, BÍ THƯ TWĐ, TRƯỞNG BAN CHÍNH SÁCH, CHIẾN LƯỢC TW"
ĐỒNG CHÍ TRẦN SỸ THANH,"ỦY VIÊN BCT, BÍ THƯ TRUNG ƯƠNG ĐẢNG CHỦ NHIỆM UBKT TW",A12,,A,12,ĐỒNG CHÍ,TRẦN SỸ THANH,"ĐỒNG CHÍ | TRẦN SỸ THANH | ỦY VIÊN BCT, BÍ THƯ TRUNG ƯƠNG ĐẢNG | CHỦ NHIỆM UBKT TW"
ĐỒNG CHÍ LÊ MINH TRÍ,"ỦY VIÊN BCT, BÍ THƯ TRUNG ƯƠNG ĐẢNG TRƯỞNG BAN NỘI CHÍNH TRUNG ƯƠNG",A10,,A,10,ĐỒNG CHÍ,LÊ MINH TRÍ,"ĐỒNG CHÍ | LÊ MINH TRÍ | ỦY VIÊN BCT, BÍ THƯ TRUNG ƯƠNG ĐẢNG | TRƯỞNG BAN NỘI CHÍNH TRUNG ƯƠNG"
ĐỒNG CHÍ TRỊNH VĂN QUYẾT,"ỦY VIÊN BCT, BÍ THƯ TRUNG ƯƠNG ĐẢNG TRƯỞNG BAN TUYÊN GIÁO VÀ DÂN VẬN TW",A8,,A,8,ĐỒNG CHÍ,TRỊNH VĂN QUYẾT,"ĐỒNG CHÍ | TRỊNH VĂN QUYẾT | ỦY VIÊN BCT, BÍ THƯ TRUNG ƯƠNG ĐẢNG | TRƯỞNG BAN TUYÊN GIÁO VÀ DÂN VẬN TW"
ĐỒNG CHÍ NGUYỄN DUY NGỌC,"ỦY VIÊN BCT, BÍ THƯ TRUNG ƯƠNG ĐẢNG TRƯỞNG BAN TỔ CHỨC TRUNG ƯƠNG",A6,,A,6,ĐỒNG CHÍ,NGUYỄN DUY NGỌC,"ĐỒNG CHÍ | NGUYỄN DUY NGỌC | ỦY VIÊN BCT, BÍ THƯ TRUNG ƯƠNG ĐẢNG | TRƯỞNG BAN TỔ CHỨC TRUNG ƯƠNG"
ĐỒNG CHÍ TÔ LÂM,TỔNG BÍ THƯ BCHTWĐCS VIỆT NAM CHỦ TỊCH NƯỚC CHXHCN VIỆT NAM,A2,"A4,A2",A,2,ĐỒNG CHÍ,TÔ LÂM,ĐỒNG CHÍ | TÔ LÂM | TỔNG BÍ THƯ BCHTWĐCS VIỆT NAM | CHỦ TỊCH NƯỚC CHXHCN VIỆT NAM
ĐẠI TƯỚNG PHAN VĂN GIANG,ỦY VIÊN BỘ CHÍNH TRỊ PHÓ TT CHÍNH PHỦ BỘ TRƯỞNG BQP,A1,,A,1,ĐẠI TƯỚNG,PHAN VĂN GIANG,ĐẠI TƯỚNG | PHAN VĂN GIANG | ỦY VIÊN BỘ CHÍNH TRỊ | PHÓ TT CHÍNH PHỦ | BỘ TRƯỞNG BQP
ĐẠI TƯỚNG LƯƠNG TAM QUANG,ỦY VIÊN BỘ CHÍNH TRỊ BỘ TRƯỞNG BỘ CÔNG AN,A3,,A,3,ĐẠI TƯỚNG,LƯƠNG TAM QUANG,ĐẠI TƯỚNG | LƯƠNG TAM QUANG | ỦY VIÊN BỘ CHÍNH TRỊ | BỘ TRƯỞNG | BỘ CÔNG AN
ĐẠI TƯỚNG NGUYỄN TRỌNG NGHĨA,"UV BỘ CHÍNH TRỊ, CHỦ NHIỆM TCCT QUÂN ĐỘI NHÂN DÂN VIỆT NAM",A5,,A,5,ĐẠI TƯỚNG,NGUYỄN TRỌNG NGHĨA,"ĐẠI TƯỚNG | NGUYỄN TRỌNG NGHĨA | UV BỘ CHÍNH TRỊ, CHỦ NHIỆM TCCT QUÂN ĐỘI NHÂN DÂN VIỆT NAM"
ĐỒNG CHÍ NGUYỄN HÒA BÌNH,"NGUYÊN UV BCT, NGUYÊN PHÓ THỦ TƯỚNG TT NƯỚC CHXHCN VIỆT NAM",A7,,A,7,ĐỒNG CHÍ,NGUYỄN HÒA BÌNH,"ĐỒNG CHÍ | NGUYỄN HÒA BÌNH | NGUYÊN UV BCT, NGUYÊN PHÓ THỦ TƯỚNG TT NƯỚC CHXHCN VIỆT NAM"
THƯỢNG TƯỚNG NGUYỄN DOÃN ANH,"UỶ VIÊN BCHTW ĐẢNG, PHÓ CHỦ TỊCH QUỐC HỘI NƯỚC CHXHCN VN",A9,,A,9,THƯỢNG TƯỚNG,NGUYỄN DOÃN ANH,"THƯỢNG TƯỚNG | NGUYỄN DOÃN ANH | UỶ VIÊN BCHTW ĐẢNG, PHÓ CHỦ TỊCH QUỐC HỘI NƯỚC CHXHCN VN"
THƯỢNG TƯỚNG HUỲNH NGỌC SƠN,NGUYÊN PHÓ CHỦ TỊCH QUỐC HỘI,A11,,A,11,THƯỢNG TƯỚNG,HUỲNH NGỌC SƠN,THƯỢNG TƯỚNG | HUỲNH NGỌC SƠN | NGUYÊN PHÓ | CHỦ TỊCH QUỐC HỘI
ĐẠI BIỂU LƯƠNG THỊ PHONG,MẸ VIỆT NAM ANH HÙNG,A13,,A,13,ĐẠI BIỂU,LƯƠNG THỊ PHONG,ĐẠI BIỂU | LƯƠNG THỊ PHONG | MẸ VIỆT NAM ANH HÙNG
ĐẠI BIỂU NGÔ CHÍ NGUYỆN,ANH HÙNG LỰC LƯỢNG VŨ TRANG NHÂN DÂN,A15,,A,15,ĐẠI BIỂU,NGÔ CHÍ NGUYỆN,ĐẠI BIỂU | NGÔ CHÍ NGUYỆN | ANH HÙNG LỰC LƯỢNG VŨ TRANG NHÂN DÂN
THƯỢNG TƯỚNG NGUYỄN VĂN ĐƯỢC,NGUYÊN THỨ TRƯỞNG BỘ QUỐC PHÒNG,A17,,A,17,THƯỢNG TƯỚNG,NGUYỄN VĂN ĐƯỢC,THƯỢNG TƯỚNG | NGUYỄN VĂN ĐƯỢC | NGUYÊN THỨ TRƯỞNG BỘ QUỐC PHÒNG
THƯỢNG TƯỚNG NGUYỄN VĂN HIỀN,"UỶ VIÊN BCHTW ĐẢNG, THỨ TRƯỞNG BQP",A19,,A,19,THƯỢNG TƯỚNG,NGUYỄN VĂN HIỀN,"THƯỢNG TƯỚNG | NGUYỄN VĂN HIỀN | UỶ VIÊN BCHTW ĐẢNG, THỨ TRƯỞNG BQP"
PHÓ ĐÔ ĐỐC TRẦN THANH NGHIÊM,"UỶ VIÊN BCHTW ĐẢNG, TƯ LỆNH QC HẢI QUÂN",B20,,B,20,PHÓ ĐÔ ĐỐC,TRẦN THANH NGHIÊM,"PHÓ ĐÔ ĐỐC | TRẦN THANH NGHIÊM | UỶ VIÊN BCHTW ĐẢNG, | TƯ LỆNH QC HẢI QUÂN"
ĐỒNG CHÍ TRẦN PHONG,"UỶ VIÊN BCHTW ĐẢNG, BÍ THƯ TỈNH ỦY KHÁNH HÒA",B18,,B,18,ĐỒNG CHÍ,TRẦN PHONG,"ĐỒNG CHÍ | TRẦN PHONG | UỶ VIÊN BCHTW ĐẢNG, BÍ THƯ TỈNH ỦY | KHÁNH HÒA"
ĐỒNG CHÍ LƯƠNG NGUYỄN MINH TRIẾT,"UỶ VIÊN BCHTW ĐẢNG, BÍ THƯ TỈNH ỦY ĐĂK LĂK",B16,,B,16,ĐỒNG CHÍ,LƯƠNG NGUYỄN MINH TRIẾT,"ĐỒNG CHÍ | LƯƠNG NGUYỄN MINH TRIẾT | UỶ VIÊN BCHTW ĐẢNG, BÍ THƯ TỈNH ỦY ĐĂK LĂK"
ĐỒNG CHÍ HỒ VĂN NIÊN,"UỶ VIÊN BCHTW ĐẢNG, BÍ THƯ TỈNH ỦY Q.NGÃI",B14,,B,14,ĐỒNG CHÍ,HỒ VĂN NIÊN,"ĐỒNG CHÍ | HỒ VĂN NIÊN | UỶ VIÊN BCHTW ĐẢNG, BÍ THƯ TỈNH ỦY Q.NGÃI"
ĐỒNG CHÍ LÊ NGỌC QUANG,"UỶ VIÊN BCHTW ĐẢNG, BÍ THƯ THÀNH ỦY ĐÀ NẴNG",B12,,B,12,ĐỒNG CHÍ,LÊ NGỌC QUANG,"ĐỒNG CHÍ | LÊ NGỌC QUANG | UỶ VIÊN BCHTW ĐẢNG, BÍ THƯ THÀNH ỦY | ĐÀ NẴNG"
ĐỒNG CHÍ THÁI ĐẠI NGỌC,"UỶ VIÊN BCHTW ĐẢNG, BÍ THƯ TỈNH ỦY GIA LAI",B10,,B,10,ĐỒNG CHÍ,THÁI ĐẠI NGỌC,"ĐỒNG CHÍ | THÁI ĐẠI NGỌC | UỶ VIÊN BCHTW ĐẢNG, BÍ THƯ TỈNH ỦY GIA LAI"
THƯỢNG TƯỚNG LÊ CHIÊM,NGUYÊN THỨ TRƯỞNG BỘ QUỐC PHÒNG,B8,,B,8,THƯỢNG TƯỚNG,LÊ CHIÊM,THƯỢNG TƯỚNG | LÊ CHIÊM | NGUYÊN THỨ TRƯỞNG | BỘ QUỐC PHÒNG
THƯỢNG TƯỚNG TRƯƠNG QUANG KHÁNH,NGUYÊN THỨ TRƯỞNG BỘ QUỐC PHÒNG,B6,,B,6,THƯỢNG TƯỚNG,TRƯƠNG QUANG KHÁNH,THƯỢNG TƯỚNG | TRƯƠNG QUANG KHÁNH | NGUYÊN THỨ TRƯỞNG BỘ QUỐC PHÒNG
ĐỒNG CHÍ TÔ ÂN XÔ,TRỢ LÝ TỔNG BÍ THƯ PHỤ TRÁCH VĂN PHÒNG TỔNG BÍ THƯ,B4,,B,4,ĐỒNG CHÍ,TÔ ÂN XÔ,ĐỒNG CHÍ | TÔ ÂN XÔ | TRỢ LÝ TỔNG BÍ THƯ | PHỤ TRÁCH VĂN PHÒNG | TỔNG BÍ THƯ
ĐỒNG CHÍ NGUYỄN THỊ THU HÀ UỶ VIÊN BCHTW ĐẢNG PHÓ CHÁNH VĂN PHÒNG TT,VĂN PHÒNG TW ĐẢNG,B2,,B,2,ĐỒNG CHÍ,NGUYỄN THỊ THU HÀ UỶ VIÊN BCHTW ĐẢNG PHÓ CHÁNH VĂN PHÒNG TT,ĐỒNG CHÍ | NGUYỄN THỊ THU HÀ UỶ VIÊN BCHTW ĐẢNG PHÓ CHÁNH VĂN PHÒNG TT | VĂN PHÒNG TW ĐẢNG
TRUNG TƯỚNG LÊ NGỌC HẢI,UỶ VIÊN BCHTW ĐẢNG TƯ LỆNHQUÂN KHU,B1,,B,1,TRUNG TƯỚNG,LÊ NGỌC HẢI,TRUNG TƯỚNG | LÊ NGỌC HẢI | UỶ VIÊN BCHTW ĐẢNG | TƯ LỆNHQUÂN KHU
THƯỢNG TƯỚNG TRƯƠNG THIÊN TÔ,"UỶ VIÊN BCHTW ĐẢNG, PHÓ CHỦ NHIỆM TCCT QĐND VIỆT NAM",B3,,B,3,THƯỢNG TƯỚNG,TRƯƠNG THIÊN TÔ,"THƯỢNG TƯỚNG | TRƯƠNG THIÊN TÔ | UỶ VIÊN BCHTW ĐẢNG, PHÓ CHỦ NHIỆM TCCT | QĐND VIỆT NAM"
TRUNG TƯỚNG LÊ VĂN HƯỚNG,PHÓ TỔNG THAM MƯU TRƯỞNG QĐND VIỆT NAM,B5,,B,5,TRUNG TƯỚNG,LÊ VĂN HƯỚNG,TRUNG TƯỚNG | LÊ VĂN HƯỚNG | PHÓ TỔNG THAM MƯU TRƯỞNG QĐND VIỆT NAM
TRUNG TƯỚNG NGUYỄN TRUNG THU,NGUYÊN PHÓ TỔNG TMT QĐNDVN,B7,,B,7,TRUNG TƯỚNG,NGUYỄN TRUNG THU,TRUNG TƯỚNG | NGUYỄN TRUNG THU | NGUYÊN PHÓ TỔNG TMT | QĐNDVN
THƯỢNG TƯỚNG VÕ TIẾN TRUNG,NGUYÊN GIÁM ĐỐC HỌC VIỆN QUỐC PHÒNG,B9,,B,9,THƯỢNG TƯỚNG,VÕ TIẾN TRUNG,THƯỢNG TƯỚNG | VÕ TIẾN TRUNG | NGUYÊN GIÁM ĐỐC | HỌC VIỆN QUỐC PHÒNG
TRUNG TƯỚNG TIÊU VĂN MẪN,NGUYÊN PHÓ TƯ LỆNH VỀ CHÍNH TRỊ,B11,,B,11,TRUNG TƯỚNG,TIÊU VĂN MẪN,TRUNG TƯỚNG | TIÊU VĂN MẪN | NGUYÊN PHÓ | TƯ LỆNH VỀ CHÍNH TRỊ
TRUNG TƯỚNG NGUYỄN THÀNH ĐỨC,NGUYÊN CHÍNH ỦY QUÂN KHU,B13,,B,13,TRUNG TƯỚNG,NGUYỄN THÀNH ĐỨC,TRUNG TƯỚNG | NGUYỄN THÀNH ĐỨC | NGUYÊN CHÍNH ỦY | QUÂN KHU
TRUNG TƯỚNG NGUYỄN LONG CÁNG,NGUYÊN TƯ LỆNH QUÂN KHU,B15,,B,15,TRUNG TƯỚNG,NGUYỄN LONG CÁNG,TRUNG TƯỚNG | NGUYỄN LONG CÁNG | NGUYÊN TƯ LỆNH | QUÂN KHU
TRUNG TƯỚNG TRỊNH ĐÌNH THẠCH,NGUYÊN CHÍNH ỦY QUÂN KHU,B17,,B,17,TRUNG TƯỚNG,TRỊNH ĐÌNH THẠCH,TRUNG TƯỚNG | TRỊNH ĐÌNH THẠCH | NGUYÊN CHÍNH ỦY | QUÂN KHU
THIẾU TƯỚNG VÕ DUY CHÍN,NGUYÊN PHÓ CN CHÍNH TRỊ QUÂN KHU,B19,,B,19,THIẾU TƯỚNG,VÕ DUY CHÍN,THIẾU TƯỚNG | VÕ DUY CHÍN | NGUYÊN PHÓ CN | CHÍNH TRỊ QUÂN KHU
THIẾU TƯỚNG PHAN ĐẠI NGHĨA,PHÓ TƯ LỆNH KIÊM TMT QUÂN KHU,C20,,C,20,THIẾU TƯỚNG,PHAN ĐẠI NGHĨA,THIẾU TƯỚNG | PHAN ĐẠI NGHĨA | PHÓ TƯ LỆNH KIÊM TMT QUÂN KHU
TRUNG TƯỚNG NGUYỄN BÁ HÙNG,CHÍNH ỦY HỌC VIỆN CHÍNH TRỊ,C18,,C,18,TRUNG TƯỚNG,NGUYỄN BÁ HÙNG,TRUNG TƯỚNG | NGUYỄN BÁ HÙNG | CHÍNH ỦY | HỌC VIỆN CHÍNH TRỊ
TRUNG TƯỚNG NGÔ TRỌNG CƯỜNG,PHÓ GIÁM ĐỐC HỌC VIỆN QUỐC PHÒNG,C16,,C,16,TRUNG TƯỚNG,NGÔ TRỌNG CƯỜNG,TRUNG TƯỚNG | NGÔ TRỌNG CƯỜNG | PHÓ GIÁM ĐỐC | HỌC VIỆN QUỐC PHÒNG
THIẾU TƯỚNG TẠ XUÂN THỦY,PHÓ TỔNG CỤC TRƯỞNG TỔNG CỤC II,C14,,C,14,THIẾU TƯỚNG,TẠ XUÂN THỦY,THIẾU TƯỚNG | TẠ XUÂN THỦY | PHÓ TỔNG CỤC TRƯỞNG | TỔNG CỤC II
TRUNG TƯỚNG HÀ THỌ BÌNH,TƯ LỆNH QUÂN KHU 4,C12,,C,12,TRUNG TƯỚNG,HÀ THỌ BÌNH,TRUNG TƯỚNG | HÀ THỌ BÌNH | TƯ LỆNH | QUÂN KHU 4
THIẾU TƯỚNG TRẦN VĂN BẮC,"UỶ VIÊN BCHTW ĐẢNG, TƯ LỆNH QUÂN KHU 2",C10,,C,10,THIẾU TƯỚNG,TRẦN VĂN BẮC,"THIẾU TƯỚNG | TRẦN VĂN BẮC | UỶ VIÊN BCHTW ĐẢNG, | TƯ LỆNH QUÂN KHU 2"
TRUNG TƯỚNG ĐÀO TUẤN ANH,"UỶ VIÊN BCHTW ĐẢNG, TƯ LỆNH QUÂN ĐOÀN 34",C8,,C,8,TRUNG TƯỚNG,ĐÀO TUẤN ANH,"TRUNG TƯỚNG | ĐÀO TUẤN ANH | UỶ VIÊN BCHTW ĐẢNG, | TƯ LỆNH QUÂN ĐOÀN 34"
TRUNG TƯỚNG VŨ HỒNG SƠN,"UỶ VIÊN BCHTW ĐẢNG, TƯ LỆNH QC PK-KQ",C6,,C,6,TRUNG TƯỚNG,VŨ HỒNG SƠN,"TRUNG TƯỚNG | VŨ HỒNG SƠN | UỶ VIÊN BCHTW ĐẢNG, | TƯ LỆNH QC PK-KQ"
TRUNG TƯỚNG LÊ XUÂN THẾ,"UỶ VIÊN BCHTW ĐẢNG, TƯ LỆNH QUÂN KHU 7",C4,,C,4,TRUNG TƯỚNG,LÊ XUÂN THẾ,"TRUNG TƯỚNG | LÊ XUÂN THẾ | UỶ VIÊN BCHTW ĐẢNG, | TƯ LỆNH QUÂN KHU 7"
THIẾU TƯỚNG LƯƠNG ĐÌNH CHUNG,CHÍNH UỶ QUÂN KHU,C2,,C,2,THIẾU TƯỚNG,LƯƠNG ĐÌNH CHUNG,THIẾU TƯỚNG | LƯƠNG ĐÌNH CHUNG | CHÍNH UỶ | QUÂN KHU
TRUNG TƯỚNG NGUYỄN VIẾT TUYÊN,CHÁNH VĂN PHÒNG QUÂN ỦY TW VĂN PHÒNG BQP,C1,,C,1,TRUNG TƯỚNG,NGUYỄN VIẾT TUYÊN,TRUNG TƯỚNG | NGUYỄN VIẾT TUYÊN | CHÁNH VĂN PHÒNG | QUÂN ỦY TW | VĂN PHÒNG BQP
THIẾU TƯỚNG NGUYỄN VĂN THÂN,TRỢ LÝ BỘ TRƯỞNG BỘ QUỐC PHÒNG,C3,,C,3,THIẾU TƯỚNG,NGUYỄN VĂN THÂN,THIẾU TƯỚNG | NGUYỄN VĂN THÂN | TRỢ LÝ BỘ TRƯỞNG | BỘ QUỐC PHÒNG
TRUNG TƯỚNG TRẦN MINH ĐỨC,CHỦ NHIỆM TỔNG CỤC HC - Đoàn KT - QP 206,C5,,C,5,TRUNG TƯỚNG,TRẦN MINH ĐỨC,TRUNG TƯỚNG | TRẦN MINH ĐỨC | CHỦ NHIỆM TỔNG CỤC | HC - Đoàn KT - QP 206
TRUNG TƯỚNG ĐINH QUỐC HÙNG,CHINH ỦY TỔNG CỤC CÔNG NGHIỆP QP,C7,,C,7,TRUNG TƯỚNG,ĐINH QUỐC HÙNG,TRUNG TƯỚNG | ĐINH QUỐC HÙNG | CHINH ỦY TỔNG CỤC CÔNG NGHIỆP QP
TRUNG TƯỚNG NGUYỄN VĂN HÙNG,PHÓ CN UBKT QUÂN ỦY TW,C9,,C,9,TRUNG TƯỚNG,NGUYỄN VĂN HÙNG,TRUNG TƯỚNG | NGUYỄN VĂN HÙNG | PHÓ CN UBKT | QUÂN ỦY TW
TRUNG TƯỚNG NGUYỄN VĂN TUYÊN,NGUYÊN PHÓ GIÁM ĐỐC HỌC VIỆN,C11,,C,11,TRUNG TƯỚNG,NGUYỄN VĂN TUYÊN,TRUNG TƯỚNG | NGUYỄN VĂN TUYÊN | NGUYÊN PHÓ GIÁM ĐỐC | HỌC VIỆN
THIẾU TƯỚNG TRẦN MINH HÙNG,NGUYÊN PHÓ TƯ LỆNH QUÂN KHU,C13,,C,13,THIẾU TƯỚNG,TRẦN MINH HÙNG,THIẾU TƯỚNG | TRẦN MINH HÙNG | NGUYÊN PHÓ TƯ LỆNH | QUÂN KHU
THIẾU TƯỚNG NGUYỄN QUY NHƠN,NGUYÊN PHÓ TƯ LỆNH QUÂN KHU,C15,,C,15,THIẾU TƯỚNG,NGUYỄN QUY NHƠN,THIẾU TƯỚNG | NGUYỄN QUY NHƠN | NGUYÊN PHÓ TƯ LỆNH | QUÂN KHU
TRUNG TƯỚNG LÊ NGỌC NAM,NGUYÊN PHÓ CN UBKT QUÂN ỦY TRUNG ƯƠNG,C17,,C,17,TRUNG TƯỚNG,LÊ NGỌC NAM,TRUNG TƯỚNG | LÊ NGỌC NAM | NGUYÊN PHÓ CN UBKT | QUÂN ỦY TRUNG ƯƠNG
THIẾU TƯỚNG TRẦN MINH TRỌNG,PHÓ CHÍNH ỦY QUÂN KHU,C19,,C,19,THIẾU TƯỚNG,TRẦN MINH TRỌNG,THIẾU TƯỚNG | TRẦN MINH TRỌNG | PHÓ CHÍNH ỦY | QUÂN KHU
THIẾU TƯỚNG HỨA VĂN TƯỞNG,PHÓ TƯ LỆNH QUÂN KHU,D20,,D,20,THIẾU TƯỚNG,HỨA VĂN TƯỞNG,THIẾU TƯỚNG | HỨA VĂN TƯỞNG | PHÓ TƯ LỆNH | QUÂN KHU
THIẾU TƯỚNG HÀ TẤT ĐẠT,PHÓ TƯ LỆNH QUÂN KHU 3,D18,,D,18,THIẾU TƯỚNG,HÀ TẤT ĐẠT,THIẾU TƯỚNG | HÀ TẤT ĐẠT | PHÓ TƯ LỆNH | QUÂN KHU 3
THIẾU TƯỚNG LƯU NAM TIẾN,CHÍNH ỦY BTL THỦ ĐÔ HÀ NỘI,D16,,D,16,THIẾU TƯỚNG,LƯU NAM TIẾN,THIẾU TƯỚNG | LƯU NAM TIẾN | CHÍNH ỦY | BTL THỦ ĐÔ HÀ NỘI
THIẾU TƯỚNG TRẦN XUÂN MẠNH,PHÓ TƯ LỆNH - TMT QUÂN KHU 1,D14,,D,14,THIẾU TƯỚNG,TRẦN XUÂN MẠNH,THIẾU TƯỚNG | TRẦN XUÂN MẠNH | PHÓ TƯ LỆNH - TMT | QUÂN KHU 1
THIẾU TƯỚNG TRẦN ĐẠI THẮNG,CHÍNH ỦY QUÂN ĐOÀN 12,D12,,D,12,THIẾU TƯỚNG,TRẦN ĐẠI THẮNG,THIẾU TƯỚNG | TRẦN ĐẠI THẮNG | CHÍNH ỦY | QUÂN ĐOÀN 12
THIẾU TƯỚNG LÊ ĐÌNH CƯỜNG,TƯ LỆNH CẢNH SÁT BIỂN,D10,,D,10,THIẾU TƯỚNG,LÊ ĐÌNH CƯỜNG,THIẾU TƯỚNG | LÊ ĐÌNH CƯỜNG | TƯ LỆNH | CẢNH SÁT BIỂN
THIẾU TƯỚNG ĐÀO MINH ĐẠO,PHÓ CỤC TRƯỞNG CỤC TÀI CHÍNH,D8,,D,8,THIẾU TƯỚNG,ĐÀO MINH ĐẠO,THIẾU TƯỚNG | ĐÀO MINH ĐẠO | PHÓ CỤC TRƯỞNG | CỤC TÀI CHÍNH
ĐỒNG CHÍ NG. TỰ CÔNG HOÀNG,PHÓ CHỦ TỊCH UBND TỈNH GIA LAI,D6,,D,6,ĐỒNG CHÍ,NG. TỰ CÔNG HOÀNG,ĐỒNG CHÍ | NG. TỰ CÔNG HOÀNG | PHÓ CHỦ TỊCH UBND | TỈNH GIA LAI
ĐỒNG CHÍ TRẦN NAM HƯNG,PHÓ CHỦ TỊCH UBND TP. ĐÀ NẴNG,D4,,D,4,ĐỒNG CHÍ,TRẦN NAM HƯNG,ĐỒNG CHÍ | TRẦN NAM HƯNG | PHÓ CHỦ TỊCH UBND | TP. ĐÀ NẴNG
ĐẠI TÁ NGUYỄN HỮU QUẢNG,THƯ KÝ BỘ TRƯỞNG BỘ QUỐC PHÒNG,D2,,D,2,ĐẠI TÁ,NGUYỄN HỮU QUẢNG,ĐẠI TÁ | NGUYỄN HỮU QUẢNG | THƯ KÝ BỘ TRƯỞNG | BỘ QUỐC PHÒNG
THIẾU TƯỚNG NGUYỄN VĂN THANH,PHÓ TƯ LỆNH CẢNH VỆ BỘ CÔNG AN,D1,,D,1,THIẾU TƯỚNG,NGUYỄN VĂN THANH,THIẾU TƯỚNG | NGUYỄN VĂN THANH | PHÓ TƯ LỆNH CẢNH VỆ BỘ CÔNG AN
THIẾU TƯỚNG ĐINH DƯƠNG,NGUYÊN PHÓ TƯ LỆNH QUÂN KHU,D3,,D,3,THIẾU TƯỚNG,ĐINH DƯƠNG,THIẾU TƯỚNG | ĐINH DƯƠNG | NGUYÊN PHÓ TƯ LỆNH | QUÂN KHU
THIẾU TƯỚNG NGUYỄN TRỌNG HUY,NGUYÊN PHÓ TƯ LỆNH QUÂN KHU,D5,,D,5,THIẾU TƯỚNG,NGUYỄN TRỌNG HUY,THIẾU TƯỚNG | NGUYỄN TRỌNG HUY | NGUYÊN PHÓ TƯ LỆNH | QUÂN KHU
TRUNG TƯỚNG NGÔ QUÝ ĐỨC,NGUYÊN CỤC TRƯỞNG CỤC CH - CN,D7,,D,7,TRUNG TƯỚNG,NGÔ QUÝ ĐỨC,TRUNG TƯỚNG | NGÔ QUÝ ĐỨC | NGUYÊN CỤC TRƯỞNG | CỤC CH - CN
TRUNG TƯỚNG LÊ ANH THƠ,NGUYÊN CHÍNH ỦY HỌC VIỆN LỤC QUÂN,D9,,D,9,TRUNG TƯỚNG,LÊ ANH THƠ,TRUNG TƯỚNG | LÊ ANH THƠ | NGUYÊN CHÍNH ỦY | HỌC VIỆN LỤC QUÂN
TRUNG TƯỚNG NGUYỄN THANH TUẤN,NGUYÊN CỤC TRƯỞNG CỤC TUYÊN HUẤN,D11,,D,11,TRUNG TƯỚNG,NGUYỄN THANH TUẤN,TRUNG TƯỚNG | NGUYỄN THANH TUẤN | NGUYÊN CỤC TRƯỞNG | CỤC TUYÊN HUẤN
TRUNG TƯỚNG TẠ NHÂN,NGUYÊN PHÓ CN UBKT QUÂN ỦY TRUNG ƯƠNG,D13,,D,13,TRUNG TƯỚNG,TẠ NHÂN,TRUNG TƯỚNG | TẠ NHÂN | NGUYÊN PHÓ CN UBKT | QUÂN ỦY TRUNG ƯƠNG
TRUNG TƯỚNG TRẦN PHƯỚC TỚI,NGUYÊN PHÓ VIỆN TRƯỞNG VKSNDTC,D15,,D,15,TRUNG TƯỚNG,TRẦN PHƯỚC TỚI,TRUNG TƯỚNG | TRẦN PHƯỚC TỚI | NGUYÊN PHÓ | VIỆN TRƯỞNG VKSNDTC
TRUNG TƯỚNG NGUYỄN NGỌC CẢ,NGUYÊN HIỆU TRƯỞNG TRƯỜNG SQLQ2,D17,,D,17,TRUNG TƯỚNG,NGUYỄN NGỌC CẢ,TRUNG TƯỚNG | NGUYỄN NGỌC CẢ | NGUYÊN HIỆU TRƯỞNG | TRƯỜNG SQLQ2
THIẾU TƯỚNG TRẦN THANH HẢI,PHÓ TƯ LỆNH QUÂN KHU,D19,,D,19,THIẾU TƯỚNG,TRẦN THANH HẢI,THIẾU TƯỚNG | TRẦN THANH HẢI | PHÓ TƯ LỆNH | QUÂN KHU
THIẾU TƯỚNG NGUYỄN QUỐC HƯƠNG,PHÓ TƯ LỆNH QUÂN KHU,E20,,E,20,THIẾU TƯỚNG,NGUYỄN QUỐC HƯƠNG,THIẾU TƯỚNG | NGUYỄN QUỐC HƯƠNG | PHÓ TƯ LỆNH | QUÂN KHU
THIẾU TƯỚNG HOÀNG VĂN SỸ,TƯ LỆNH BINH ĐOÀN 15,E18,,E,18,THIẾU TƯỚNG,HOÀNG VĂN SỸ,THIẾU TƯỚNG | HOÀNG VĂN SỸ | TƯ LỆNH | BINH ĐOÀN 15
THIẾU TƯỚNG NGUYỄN QUỐC DUẨN,CHÍNH ỦY BINH CHỦNG ĐẶC CÔNG,E16,,E,16,THIẾU TƯỚNG,NGUYỄN QUỐC DUẨN,THIẾU TƯỚNG | NGUYỄN QUỐC DUẨN | CHÍNH ỦY | BINH CHỦNG ĐẶC CÔNG
THIẾU TƯỚNG VŨ VIẾT HOÀNG,TƯ LỆNH BINH CHỦNG TTLL,E14,,E,14,THIẾU TƯỚNG,VŨ VIẾT HOÀNG,THIẾU TƯỚNG | VŨ VIẾT HOÀNG | TƯ LỆNH | BINH CHỦNG TTLL
THIẾU TƯỚNG VŨ HẢI ĐĂNG,PHÓ CHÁNH THANH TRA BỘ QUỐC PHÒNG,E12,,E,12,THIẾU TƯỚNG,VŨ HẢI ĐĂNG,THIẾU TƯỚNG | VŨ HẢI ĐĂNG | PHÓ CHÁNH THANH TRA | BỘ QUỐC PHÒNG
THIẾU TƯỚNG TRẦN NGỌC HỮU,PHÓ TƯ LỆNH BỘ ĐỘI BIÊN PHÒNG,E10,,E,10,THIẾU TƯỚNG,TRẦN NGỌC HỮU,THIẾU TƯỚNG | TRẦN NGỌC HỮU | PHÓ TƯ LỆNH BỘ ĐỘI | BIÊN PHÒNG
THIẾU TƯỚNG NGUYỄN VĂN TIỀN,PHÓ TƯ LỆNH QUÂN KHU 9,E8,,E,8,THIẾU TƯỚNG,NGUYỄN VĂN TIỀN,THIẾU TƯỚNG | NGUYỄN VĂN TIỀN | PHÓ TƯ LỆNH | QUÂN KHU 9
ĐỒNG CHÍ ĐOÀN HỒNG NGỌC,VỤ TRƯỞNG VỤ ĐỊA PHƯƠNG II BAN NỘI CHÍNH TW,E6,,E,6,ĐỒNG CHÍ,ĐOÀN HỒNG NGỌC,ĐỒNG CHÍ | ĐOÀN HỒNG NGỌC | VỤ TRƯỞNG | VỤ ĐỊA PHƯƠNG II | BAN NỘI CHÍNH TW
ĐỒNG CHÍ NGUYỄN ĐỨC CUNG,VỤ TRƯỞNG VỤ ĐỊA PHƯƠNG II VĂN PHÒNG TWĐ,E4,,E,4,ĐỒNG CHÍ,NGUYỄN ĐỨC CUNG,ĐỒNG CHÍ | NGUYỄN ĐỨC CUNG | VỤ TRƯỞNG | VỤ ĐỊA PHƯƠNG II | VĂN PHÒNG TWĐ
ĐỒNG CHÍ CAO HOÀNG SƠN,VỤ TRƯỞNG VỤ ĐỊA PHƯƠNG II BAN TỔ CHỨC TW,E2,,E,2,ĐỒNG CHÍ,CAO HOÀNG SƠN,ĐỒNG CHÍ | CAO HOÀNG SƠN | VỤ TRƯỞNG | VỤ ĐỊA PHƯƠNG II | BAN TỔ CHỨC TW
THIẾU TƯỚNG VÕ VĂN HƯNG,CHỦ NHIỆM CHÍNH TRỊ QUÂN KHU,E1,,E,1,THIẾU TƯỚNG,VÕ VĂN HƯNG,THIẾU TƯỚNG | VÕ VĂN HƯNG | CHỦ NHIỆM CHÍNH TRỊ | QUÂN KHU
THIẾU TƯỚNG LƯU XUÂN PHƯƠNG,PHÓ TMT QUÂN KHU,E3,,E,3,THIẾU TƯỚNG,LƯU XUÂN PHƯƠNG,THIẾU TƯỚNG | LƯU XUÂN PHƯƠNG | PHÓ TMT | QUÂN KHU
THIẾU TƯỚNG TỐNG PHÚ,PHÓ GIÁM ĐỐC HỌC VIỆN LỤC QUÂN,E5,,E,5,THIẾU TƯỚNG,TỐNG PHÚ,THIẾU TƯỚNG | TỐNG PHÚ | PHÓ GIÁM ĐỐC | HỌC VIỆN LỤC QUÂN
TRUNG TƯỚNG TRƯƠNG ĐỨC NGHĨA,NGUYÊN PHÓ GIÁM ĐỐC HỌC VIỆN QUỐC PHÒNG,E7,,E,7,TRUNG TƯỚNG,TRƯƠNG ĐỨC NGHĨA,TRUNG TƯỚNG | TRƯƠNG ĐỨC NGHĨA | NGUYÊN PHÓ GIÁM ĐỐC | HỌC VIỆN QUỐC PHÒNG
THIẾU TƯỚNG ĐOÀN KIỂU,NGUYÊN PHÓ TƯ LỆNH QUÂN KHU,E9,,E,9,THIẾU TƯỚNG,ĐOÀN KIỂU,THIẾU TƯỚNG | ĐOÀN KIỂU | NGUYÊN PHÓ TƯ LỆNH | QUÂN KHU
THIẾU TƯỚNG NGUYỄN ĐÌNH TIẾN,NGUYÊN PHÓ TƯ LỆNH QUÂN KHU,E11,,E,11,THIẾU TƯỚNG,NGUYỄN ĐÌNH TIẾN,THIẾU TƯỚNG | NGUYỄN ĐÌNH TIẾN | NGUYÊN PHÓ TƯ LỆNH | QUÂN KHU
THIẾU TƯỚNG CAO PHI HÙNG,NGUYÊN PHÓ TƯ LỆNH QUÂN KHU,E13,,E,13,THIẾU TƯỚNG,CAO PHI HÙNG,THIẾU TƯỚNG | CAO PHI HÙNG | NGUYÊN PHÓ TƯ LỆNH | QUÂN KHU
THIẾU TƯỚNG NGUYỄN VIẾT HOÀNG,NGUYÊN PHÓ TMT QUÂN KHU,E15,,E,15,THIẾU TƯỚNG,NGUYỄN VIẾT HOÀNG,THIẾU TƯỚNG | NGUYỄN VIẾT HOÀNG | NGUYÊN PHÓ TMT | QUÂN KHU
THIẾU TƯỚNG ĐẶNG LÊ NHỊ,NGUYÊN PHÓ TMT QUÂN KHU,E17,,E,17,THIẾU TƯỚNG,ĐẶNG LÊ NHỊ,THIẾU TƯỚNG | ĐẶNG LÊ NHỊ | NGUYÊN PHÓ TMT | QUÂN KHU
THIẾU TƯỚNG NGUYỄN NGỌC ÂN,NGUYÊN PHÓ TMT QUÂN KHU,E19,,E,19,THIẾU TƯỚNG,NGUYỄN NGỌC ÂN,THIẾU TƯỚNG | NGUYỄN NGỌC ÂN | NGUYÊN PHÓ TMT | QUÂN KHU
THIẾU TƯỚNG NGUYỄN MINH THẮNG,CHÍNH ỦY BỘ TƯ LỆNH 86,F20,,F,20,THIẾU TƯỚNG,NGUYỄN MINH THẮNG,THIẾU TƯỚNG | NGUYỄN MINH THẮNG | CHÍNH ỦY | BỘ TƯ LỆNH 86
THIẾU TƯỚNG TRẦN QUANG TUẤN,TƯ LỆNH CẢNH SÁT BIỂN VÙNG 2,F18,,F,18,THIẾU TƯỚNG,TRẦN QUANG TUẤN,THIẾU TƯỚNG | TRẦN QUANG TUẤN | TƯ LỆNH CẢNH SÁT BIỂN | VÙNG 2
THIẾU TƯỚNG NGUYỄN KHẮC HUY,PHÓ CỤC TRƯỞNG CỤC QH - NT,F16,,F,16,THIẾU TƯỚNG,NGUYỄN KHẮC HUY,THIẾU TƯỚNG | NGUYỄN KHẮC HUY | PHÓ CỤC TRƯỞNG | CỤC QH - NT
THIẾU TƯỚNG DƯƠNG MINH HẢI,CỤC TRƯỞNG CỤC KHOA HỌC QUÂN SỰ,F14,,F,14,THIẾU TƯỚNG,DƯƠNG MINH HẢI,THIẾU TƯỚNG | DƯƠNG MINH HẢI | CỤC TRƯỞNG | CỤC KHOA HỌC | QUÂN SỰ
THIẾU TƯỚNG BÙI TRỌNG HIẾU,PHÓ CỤC TRƯỞNG CỤC ĐỐI NGOẠI,F12,,F,12,THIẾU TƯỚNG,BÙI TRỌNG HIẾU,THIẾU TƯỚNG | BÙI TRỌNG HIẾU | PHÓ CỤC TRƯỞNG | CỤC ĐỐI NGOẠI
THIẾU TƯỚNG HOÀNG HỮU QUÝ,PHÓ CHÁNH ÁN TÒA ÁN QUÂN SỰ TRUNG ƯƠNG,F10,,F,10,THIẾU TƯỚNG,HOÀNG HỮU QUÝ,THIẾU TƯỚNG | HOÀNG HỮU QUÝ | PHÓ CHÁNH ÁN TÒA ÁN QUÂN SỰ TRUNG ƯƠNG
THIẾU TƯỚNG ĐÀM THUẬN CÔNG,PHÓ VIỆN TRƯỞNG KIỂM SÁT QUÂN SỰ TW,F8,,F,8,THIẾU TƯỚNG,ĐÀM THUẬN CÔNG,THIẾU TƯỚNG | ĐÀM THUẬN CÔNG | PHÓ VIỆN TRƯỞNG KIỂM SÁT QUÂN SỰ TW
ĐỒNG CHÍ NGUYỄN THẾ HÒA,VỤ TRƯỞNG VỤ ĐỊA PHƯƠNG II BAN TG & DV,F6,,F,6,ĐỒNG CHÍ,NGUYỄN THẾ HÒA,ĐỒNG CHÍ | NGUYỄN THẾ HÒA | VỤ TRƯỞNG | VỤ ĐỊA PHƯƠNG II | BAN TG & DV
ĐỒNG CHÍ PHẠM VĂN HỌC,KIỂM TOÁN TRƯỞNG KIỂM TOÁN NN CHUYÊN NGÀNH Ia,F4,,F,4,ĐỒNG CHÍ,PHẠM VĂN HỌC,ĐỒNG CHÍ | PHẠM VĂN HỌC | KIỂM TOÁN TRƯỞNG | KIỂM TOÁN NN | CHUYÊN NGÀNH Ia
ĐỒNG CHÍ VŨ NHẬT CHUNG,PHÓ VỤ TRƯỞNG VỤ THAM MƯU TH VĂN PHÒNG TWĐ,F2,,F,2,ĐỒNG CHÍ,VŨ NHẬT CHUNG,ĐỒNG CHÍ | VŨ NHẬT CHUNG | PHÓ VỤ TRƯỞNG | VỤ THAM MƯU TH | VĂN PHÒNG TWĐ
ĐẠI TÁ LƯƠNG KẾ ĐIỀM,CHỦ NHIỆM HC - KT QUÂN KHU,F1,,F,1,ĐẠI TÁ,LƯƠNG KẾ ĐIỀM,ĐẠI TÁ | LƯƠNG KẾ ĐIỀM | CHỦ NHIỆM HC - KT | QUÂN KHU
ĐẠI TÁ ĐỖ THANH XUÂN,PHÓ CN CHÍNH TRỊ QUÂN KHU,F3,,F,3,ĐẠI TÁ,ĐỖ THANH XUÂN,ĐẠI TÁ | ĐỖ THANH XUÂN | PHÓ CN CHÍNH TRỊ | QUÂN KHU
ĐẠI TÁ TRƯƠNG QUANG SINH,PHÓ CHỦ NHIỆM UBKT ĐẢNG ỦY QUÂN KHU,F5,,F,5,ĐẠI TÁ,TRƯƠNG QUANG SINH,ĐẠI TÁ | TRƯƠNG QUANG SINH | PHÓ CHỦ NHIỆM UBKT | ĐẢNG ỦY QUÂN KHU
ĐẠI TÁ PHẠM ĐỚI,NGUYÊN PHÓ TMT QUÂN KHU,F7,,F,7,ĐẠI TÁ,PHẠM ĐỚI,ĐẠI TÁ | PHẠM ĐỚI | NGUYÊN PHÓ TMT | QUÂN KHU
THIẾU TƯỚNG PHẠM NGỌC TÍNH,NGUYÊN PHÓ TMT QUÂN KHU,F9,,F,9,THIẾU TƯỚNG,PHẠM NGỌC TÍNH,THIẾU TƯỚNG | PHẠM NGỌC TÍNH | NGUYÊN PHÓ TMT | QUÂN KHU
THIẾU TƯỚNG NGUYỄN NGỌC MINH,NGUYÊN PHÓ TMT QUÂN KHU,F11,,F,11,THIẾU TƯỚNG,NGUYỄN NGỌC MINH,THIẾU TƯỚNG | NGUYỄN NGỌC MINH | NGUYÊN PHÓ TMT | QUÂN KHU
THIẾU TƯỚNG NGUYỄN ĐỨC LIÊN,NGUYÊN PHÓ CHỦ NHIỆM CHÍNH TRỊ QUÂN KHU,F13,,F,13,THIẾU TƯỚNG,NGUYỄN ĐỨC LIÊN,THIẾU TƯỚNG | NGUYỄN ĐỨC LIÊN | NGUYÊN PHÓ CHỦ NHIỆM | CHÍNH TRỊ QUÂN KHU
THIẾU TƯỚNG HÀ HUY LONG,NGUYÊN PHÓ CHỦ NHIỆM CHÍNH TRỊ QUÂN KHU,F15,,F,15,THIẾU TƯỚNG,HÀ HUY LONG,THIẾU TƯỚNG | HÀ HUY LONG | NGUYÊN PHÓ CHỦ NHIỆM | CHÍNH TRỊ QUÂN KHU
THIẾU TƯỚNG ĐỖ QUANG DỰ,NGUYÊN CHỦ NHIỆM HẬU CẦN QUÂN KHU,F17,,F,17,THIẾU TƯỚNG,ĐỖ QUANG DỰ,THIẾU TƯỚNG | ĐỖ QUANG DỰ | NGUYÊN CHỦ NHIỆM | HẬU CẦN QUÂN KHU
THIẾU TƯỚNG TRƯƠNG HỒNG QUANG,NGUYÊN PHÓ TMT QUÂN KHU,F19,,F,19,THIẾU TƯỚNG,TRƯƠNG HỒNG QUANG,THIẾU TƯỚNG | TRƯƠNG HỒNG QUANG | NGUYÊN PHÓ TMT | QUÂN KHU
ĐẠI TÁ PHẠM CÔNG HỮU,PHÓ CHÍNH ỦY BINH CHỦNG HÓA HỌC,G20,,G,20,ĐẠI TÁ,PHẠM CÔNG HỮU,ĐẠI TÁ | PHẠM CÔNG HỮU | PHÓ CHÍNH ỦY | BINH CHỦNG HÓA HỌC
THIẾU TƯỚNG LÊ QUANG TRÍ,PHÓ GIÁM ĐỐC BỆNH VIỆN QUÂN Y 175,G18,,G,18,THIẾU TƯỚNG,LÊ QUANG TRÍ,THIẾU TƯỚNG | LÊ QUANG TRÍ | PHÓ GIÁM ĐỐC BỆNH VIỆN QUÂN Y 175
ĐẠI TÁ LÊ MẠNH TRƯỜNG,CỤC ĐT - HS BỘ QUỐC PHÒNG,G16,,G,16,ĐẠI TÁ,LÊ MẠNH TRƯỜNG,ĐẠI TÁ | LÊ MẠNH TRƯỜNG | CỤC ĐT - HS | BỘ QUỐC PHÒNG
ĐẠI TÁ PHẠM ANH TUẤN,TƯ LỆNH VÙNG 3 HẢI QUÂN,G14,,G,14,ĐẠI TÁ,PHẠM ANH TUẤN,ĐẠI TÁ | PHẠM ANH TUẤN | TƯ LỆNH | VÙNG 3 HẢI QUÂN
CHUẨN ĐÔ ĐỐC NGUYỄN ANH TUẤN,TƯ LỆNH VÙNG 4 HẢI QUÂN,G12,,G,12,CHUẨN ĐÔ ĐỐC,NGUYỄN ANH TUẤN,CHUẨN ĐÔ ĐỐC | NGUYỄN ANH TUẤN | TƯ LỆNH | VÙNG 4 HẢI QUÂN
THIẾU TƯỚNG TRẦN TRUNG THIẾT,PHÓ CỤC TRƯỞNG CỤC TỔ CHỨC/TCCT,G10,,G,10,THIẾU TƯỚNG,TRẦN TRUNG THIẾT,THIẾU TƯỚNG | TRẦN TRUNG THIẾT | PHÓ CỤC TRƯỞNG | CỤC TỔ CHỨC/TCCT
THIẾU TƯỚNG NGUYỄN XUÂN THỦY,PHÓ CỤC TRƯỞNG CỤC TUYÊN HUẤN/TCCT,G8,,G,8,THIẾU TƯỚNG,NGUYỄN XUÂN THỦY,THIẾU TƯỚNG | NGUYỄN XUÂN THỦY | PHÓ CỤC TRƯỞNG | CỤC TUYÊN HUẤN/TCCT
ĐỒNG CHÍ NGUYỄN THỊ MỸ YÊN,PHÓ VỤ TRƯỞNG VỤ ĐỊA BÀN V UBKT TRUNG ƯƠNG,G6,,G,6,ĐỒNG CHÍ,NGUYỄN THỊ MỸ YÊN,ĐỒNG CHÍ | NGUYỄN THỊ MỸ YÊN | PHÓ VỤ TRƯỞNG | VỤ ĐỊA BÀN V | UBKT TRUNG ƯƠNG
ĐỒNG CHÍ BÙI QUỐC KHÁNH,SỸ QUAN BIỆT PHÁI VỤ THAM MƯU TH VĂN PHÒNG TWĐ,G4,,G,4,ĐỒNG CHÍ,BÙI QUỐC KHÁNH,ĐỒNG CHÍ | BÙI QUỐC KHÁNH | SỸ QUAN BIỆT PHÁI | VỤ THAM MƯU TH | VĂN PHÒNG TWĐ
SỸ QUAN TIẾP CẬN,,G2,,G,2,SỸ QUAN,TIẾP CẬN,SỸ QUAN | TIẾP CẬN
ĐẠI TÁ VÕ VĂN BÁ,PHÓ TMT QUÂN KHU,G1,,G,1,ĐẠI TÁ,VÕ VĂN BÁ,ĐẠI TÁ | VÕ VĂN BÁ | PHÓ TMT | QUÂN KHU
ĐẠI TÁ NGUYỄN VĂN HÒA,PHÓ TMT QUÂN KHU,G3,,G,3,ĐẠI TÁ,NGUYỄN VĂN HÒA,ĐẠI TÁ | NGUYỄN VĂN HÒA | PHÓ TMT | QUÂN KHU
ĐẠI TÁ NGUYỄN THANH XUÂN,PHÓ CN CHÍNH TRỊ QUÂN KHU,G5,,G,5,ĐẠI TÁ,NGUYỄN THANH XUÂN,ĐẠI TÁ | NGUYỄN THANH XUÂN | PHÓ CN CHÍNH TRỊ | QUÂN KHU
ĐẠI TÁ TẠ KÍNH,NGUYÊN PHÓ CN CHÍNH TRỊ QUÂN KHU,G7,,G,7,ĐẠI TÁ,TẠ KÍNH,ĐẠI TÁ | TẠ KÍNH | NGUYÊN PHÓ CN | CHÍNH TRỊ QUÂN KHU
ĐẠI TÁ KHÚC NGỌC PHƯƠNG,NGUYÊN PHÓ TMT QUÂN KHU,G9,,G,9,ĐẠI TÁ,KHÚC NGỌC PHƯƠNG,ĐẠI TÁ | KHÚC NGỌC PHƯƠNG | NGUYÊN PHÓ TMT | QUÂN KHU
ĐẠI TÁ DƯƠNG HỮU QUYÊN,NGUYÊN PHÓ CHỦ NHIỆM UBKT ĐẢNG ỦY QK,G11,,G,11,ĐẠI TÁ,DƯƠNG HỮU QUYÊN,ĐẠI TÁ | DƯƠNG HỮU QUYÊN | NGUYÊN PHÓ CHỦ NHIỆM UBKT ĐẢNG ỦY QK
ĐẠI TÁ LÊ XUÂN THỊNH,NGUYÊN PHÓ TMT QUÂN KHU,G13,,G,13,ĐẠI TÁ,LÊ XUÂN THỊNH,ĐẠI TÁ | LÊ XUÂN THỊNH | NGUYÊN PHÓ TMT | QUÂN KHU
ĐẠI TÁ ĐOÀN HỒNG CHƯƠNG,NGUYÊN PHÓ CHỦ NHIỆM CHÍNH TRỊ QUÂN KHU,G15,,G,15,ĐẠI TÁ,ĐOÀN HỒNG CHƯƠNG,ĐẠI TÁ | ĐOÀN HỒNG CHƯƠNG | NGUYÊN PHÓ CHỦ NHIỆM CHÍNH TRỊ QUÂN KHU
ĐẠI TÁ PHAN VĂN HẠNG,NGUYÊN PHÓ CHỦ NHIỆM CHÍNH TRỊ QUÂN KHU,G17,,G,17,ĐẠI TÁ,PHAN VĂN HẠNG,ĐẠI TÁ | PHAN VĂN HẠNG | NGUYÊN PHÓ CHỦ NHIỆM | CHÍNH TRỊ QUÂN KHU
ĐẠI TÁ TRỊNH VĂN TÂM,NGUYÊN PHÓ CN CHÍNH TRỊ QUÂN KHU,G19,,G,19,ĐẠI TÁ,TRỊNH VĂN TÂM,ĐẠI TÁ | TRỊNH VĂN TÂM | NGUYÊN PHÓ CN CHÍNH TRỊ QUÂN KHU
ĐẠI BIỂU LÃNH ĐẠO THÔNG TẤN XÃ,VIỆT NAM,H20,,H,20,ĐẠI BIỂU LÃNH ĐẠO,THÔNG TẤN XÃ,ĐẠI BIỂU LÃNH ĐẠO | THÔNG TẤN XÃ | VIỆT NAM
ĐẠI TÁ NGUYỄN THIỆN THANH,PHÓ CHÍNH ỦY BINH CHỦNG TĂNG-THIẾT GIÁP,H18,,H,18,ĐẠI TÁ,NGUYỄN THIỆN THANH,ĐẠI TÁ | NGUYỄN THIỆN THANH | PHÓ CHÍNH ỦY BINH CHỦNG TĂNG-THIẾT GIÁP
ĐẠI TÁ KHỔNG MẠNH HƯNG,PHÓ CHÍNH ỦY BINH CHỦNG CÔNG BINH,H16,,H,16,ĐẠI TÁ,KHỔNG MẠNH HƯNG,ĐẠI TÁ | KHỔNG MẠNH HƯNG | PHÓ CHÍNH ỦY | BINH CHỦNG CÔNG BINH
ĐẠI TÁ TRẦN ĐÌNH MẠNH,PHÓ TƯ LỆNH-TMT PHÁO BINH TÊN LỬA,H14,,H,14,ĐẠI TÁ,TRẦN ĐÌNH MẠNH,ĐẠI TÁ | TRẦN ĐÌNH MẠNH | PHÓ TƯ LỆNH-TMT | PHÁO BINH TÊN LỬA
ĐẠI TÁ NGUYỄN KHÁNH LINH,CỤC TRƯỞNG/CỤC 11 TỔNG CỤC II,H12,,H,12,ĐẠI TÁ,NGUYỄN KHÁNH LINH,ĐẠI TÁ | NGUYỄN KHÁNH LINH | CỤC TRƯỞNG/CỤC 11 | TỔNG CỤC II
ĐẠI TÁ BÙI NGỌC HUYÊN,PHÓ CỤC TRƯỞNG CỤC THI HÀNH ÁN BQP,H10,,H,10,ĐẠI TÁ,BÙI NGỌC HUYÊN,ĐẠI TÁ | BÙI NGỌC HUYÊN | PHÓ CỤC TRƯỞNG | CỤC THI HÀNH ÁN BQP
ĐẠI TÁ VŨ VĂN KIỆM,PHÓ CỤC TRƯỞNG CỤC PHÁP CHẾ,H8,,H,8,ĐẠI TÁ,VŨ VĂN KIỆM,ĐẠI TÁ | VŨ VĂN KIỆM | PHÓ CỤC TRƯỞNG | CỤC PHÁP CHẾ
ĐỒNG CHÍ TRẦN MINH SƠN,PHÓ CHỦ TỊCH HĐQT TẬP ĐOÀN SUN GROUP,H6,,H,6,ĐỒNG CHÍ,TRẦN MINH SƠN,ĐỒNG CHÍ | TRẦN MINH SƠN | PHÓ CHỦ TỊCH HĐQT | TẬP ĐOÀN SUN GROUP
ĐỒNG CHÍ NGUYỄN VĂN BÌNH,CHỦ TỊCH TẬP ĐOÀN SUN GROUP,H4,,H,4,ĐỒNG CHÍ,NGUYỄN VĂN BÌNH,ĐỒNG CHÍ | NGUYỄN VĂN BÌNH | CHỦ TỊCH | TẬP ĐOÀN SUN GROUP
ĐẠI TÁ SÁI MINH HẢI,TP. CẢNH VỆ MIỀN TRUNG /BTL CẢNH VỆ,H2,,H,2,ĐẠI TÁ,SÁI MINH HẢI,ĐẠI TÁ | SÁI MINH HẢI | TP. CẢNH VỆ MIỀN TRUNG /BTL CẢNH VỆ
ĐẠI TÁ ĐỖ XUÂN HÙNG,PHÓ TMT QUÂN KHU,H1,,H,1,ĐẠI TÁ,ĐỖ XUÂN HÙNG,ĐẠI TÁ | ĐỖ XUÂN HÙNG | PHÓ TMT | QUÂN KHU
ĐẠI TÁ CAO VĂN MƯỜI,PHÓ TMT QUÂN KHU,H3,,H,3,ĐẠI TÁ,CAO VĂN MƯỜI,ĐẠI TÁ | CAO VĂN MƯỜI | PHÓ TMT | QUÂN KHU
ĐẠI TÁ DƯƠNG HOÀNG TOÁN,PHÓ CN CHÍNH TRỊ QUÂN KHU,H5,,H,5,ĐẠI TÁ,DƯƠNG HOÀNG TOÁN,ĐẠI TÁ | DƯƠNG HOÀNG TOÁN | PHÓ CN CHÍNH TRỊ | QUÂN KHU
ĐẠI TÁ TRƯƠNG QUANG NHẠN,NGUYÊN PHÓ TMT QUÂN KHU,H7,,H,7,ĐẠI TÁ,TRƯƠNG QUANG NHẠN,ĐẠI TÁ | TRƯƠNG QUANG NHẠN | NGUYÊN PHÓ TMT | QUÂN KHU
ĐẠI TÁ TRẦN VĂN LÝ,NGUYÊN PHÓ TMT QUÂN KHU,H9,,H,9,ĐẠI TÁ,TRẦN VĂN LÝ,ĐẠI TÁ | TRẦN VĂN LÝ | NGUYÊN PHÓ TMT | QUÂN KHU
ĐẠI TÁ PHẠM ĐỨC DŨNG,NGUYÊN PHÓ CN HẬU CẦN QUÂN KHU,H11,,H,11,ĐẠI TÁ,PHẠM ĐỨC DŨNG,ĐẠI TÁ | PHẠM ĐỨC DŨNG | NGUYÊN PHÓ CN | HẬU CẦN QUÂN KHU
ĐẠI TÁ LÊ VĂN HẢI,NGUYÊN PHÓ CHỦ NHIỆM UBKT ĐẢNG ỦY QK,H13,,H,13,ĐẠI TÁ,LÊ VĂN HẢI,ĐẠI TÁ | LÊ VĂN HẢI | NGUYÊN PHÓ CHỦ NHIỆM UBKT ĐẢNG ỦY QK
ĐẠI TÁ LÊ PHÚC THẮNG,NGUYÊN CHỦ NHIỆM KỸ THUẬT QUÂN KHU,H15,,H,15,ĐẠI TÁ,LÊ PHÚC THẮNG,ĐẠI TÁ | LÊ PHÚC THẮNG | NGUYÊN CHỦ NHIỆM | KỸ THUẬT QUÂN KHU
ĐẠI TÁ NGUYỄN HỮU CHỈNH,NGUYÊN PHÓ CHỦ NHIỆM CHÍNH TRỊ QUÂN KHU,H17,,H,17,ĐẠI TÁ,NGUYỄN HỮU CHỈNH,ĐẠI TÁ | NGUYỄN HỮU CHỈNH | NGUYÊN PHÓ CHỦ NHIỆM CHÍNH TRỊ QUÂN KHU
ĐẠI TÁ TRẦN XUÂN SƠN,NGUYÊN CHÍNH ỦY CỤC KỸ THUẬT QK,H19,,H,19,ĐẠI TÁ,TRẦN XUÂN SƠN,ĐẠI TÁ | TRẦN XUÂN SƠN | NGUYÊN CHÍNH ỦY | CỤC KỸ THUẬT QK
ĐẠI BIỂU LÃNH ĐẠO ĐÀI TIẾNG NÓI,VIỆT NAM V0V KHU VỰC MIỀN TRUNG,I20,,I,20,ĐẠI BIỂU LÃNH ĐẠO,ĐÀI TIẾNG NÓI,ĐẠI BIỂU LÃNH ĐẠO | ĐÀI TIẾNG NÓI | VIỆT NAM V0V KHU VỰC MIỀN TRUNG
ĐẠI BIỂU LÃNH ĐẠO CỔNG THÔNG TIN,ĐIỆN TỬ ĐCS VIỆT NAM,I18,,I,18,ĐẠI BIỂU LÃNH ĐẠO,CỔNG THÔNG TIN,ĐẠI BIỂU LÃNH ĐẠO | CỔNG THÔNG TIN | ĐIỆN TỬ ĐCS | VIỆT NAM
ĐẠI BIỂU LÃNH ĐẠO BÁO QUÂN ĐỘI,NHÂN DÂN,I16,,I,16,ĐẠI BIỂU LÃNH ĐẠO,BÁO QUÂN ĐỘI,ĐẠI BIỂU LÃNH ĐẠO | BÁO QUÂN ĐỘI | NHÂN DÂN
THƯỢNG TÁ HỒ NGỌC DUY,CHỈ HUY TRƯỞNG TRUNG TÂM 386,I14,,I,14,THƯỢNG TÁ,HỒ NGỌC DUY,THƯỢNG TÁ | HỒ NGỌC DUY | CHỈ HUY TRƯỞNG | TRUNG TÂM 386
THƯỢNG TÁ ĐẶNG ĐÌNH KHIÊM,GIÁM ĐỐC CÔNG TY THÀNH AN 96,I12,,I,12,THƯỢNG TÁ,ĐẶNG ĐÌNH KHIÊM,THƯỢNG TÁ | ĐẶNG ĐÌNH KHIÊM | GIÁM ĐỐC CÔNG TY | THÀNH AN 96
THƯỢNG TÁ PHẠM NHƯ ÁNH,PHÓ TỔNG GIÁM ĐỐC NGÂN HÀNG MB,I10,,I,10,THƯỢNG TÁ,PHẠM NHƯ ÁNH,THƯỢNG TÁ | PHẠM NHƯ ÁNH | PHÓ TỔNG GIÁM ĐỐC | NGÂN HÀNG MB
ĐẠI BIỂU TẬP ĐOÀN VIETTEL,ĐÀ NẴNG,I8,,I,8,ĐẠI BIỂU,TẬP ĐOÀN VIETTEL,ĐẠI BIỂU | TẬP ĐOÀN VIETTEL | ĐÀ NẴNG
ĐẠI TÁ ĐÀO XUÂN VŨ,PHÓ TỔNG GIÁM ĐỐC TẬP ĐOÀN VIETTEL,I6,,I,6,ĐẠI TÁ,ĐÀO XUÂN VŨ,ĐẠI TÁ | ĐÀO XUÂN VŨ | PHÓ TỔNG GIÁM ĐỐC | TẬP ĐOÀN VIETTEL
ĐẠI TÁ NGUYỄN MINH ĐỨC,CHÍNH ỦY /fPK375 QC PK-KQ,I4,,I,4,ĐẠI TÁ,NGUYỄN MINH ĐỨC,ĐẠI TÁ | NGUYỄN MINH ĐỨC | CHÍNH ỦY /fPK375 | QC PK-KQ
ĐẠI TÁ HOÀNG TRUNG KIÊN,CHÍNH ỦY /fKQ372 QC PK-KQ,I2,,I,2,ĐẠI TÁ,HOÀNG TRUNG KIÊN,ĐẠI TÁ | HOÀNG TRUNG KIÊN | CHÍNH ỦY /fKQ372 | QC PK-KQ
ĐẠI TÁ TRẦN KIM QUYỀN,CHÍNH ỦY CỤC HC-KT,I1,,I,1,ĐẠI TÁ,TRẦN KIM QUYỀN,ĐẠI TÁ | TRẦN KIM QUYỀN | CHÍNH ỦY CỤC HC-KT
ĐẠI TÁ LÊ THÀNH TÔN,PHÓ CHỦ NHIỆM HC - KT QUÂN KHU,I3,,I,3,ĐẠI TÁ,LÊ THÀNH TÔN,ĐẠI TÁ | LÊ THÀNH TÔN | PHÓ CHỦ NHIỆM HC - KT | QUÂN KHU
ĐẠI TÁ HỒ ANH TUẤN,PHÓ CN CHÍNH TRỊ QUÂN KHU,I5,,I,5,ĐẠI TÁ,HỒ ANH TUẤN,ĐẠI TÁ | HỒ ANH TUẤN | PHÓ CN CHÍNH TRỊ | QUÂN KHU
ĐẠI TÁ NGUYỄN LÊN,NGUYÊN CHỦ NHIỆM HẬU CẦN QUÂN KHU,I7,,I,7,ĐẠI TÁ,NGUYỄN LÊN,ĐẠI TÁ | NGUYỄN LÊN | NGUYÊN CHỦ NHIỆM | HẬU CẦN QUÂN KHU
ĐẠI TÁ NGÔ TIẾN SỸ,NGUYÊN CHỦ NHIỆM HẬU CẦN QUÂN KHU,I9,,I,9,ĐẠI TÁ,NGÔ TIẾN SỸ,ĐẠI TÁ | NGÔ TIẾN SỸ | NGUYÊN CHỦ NHIỆM | HẬU CẦN QUÂN KHU
ĐẠI TÁ ĐẶNG VĂN MAU,NGUYÊN PHÓ CN KỸ THUẬT QUÂN KHU,I11,,I,11,ĐẠI TÁ,ĐẶNG VĂN MAU,ĐẠI TÁ | ĐẶNG VĂN MAU | NGUYÊN PHÓ CN | KỸ THUẬT QUÂN KHU
ĐẠI TÁ NGUYỄN NGỌC BÂNG,NGUYÊN CHỦ NHIỆM KỸ THUẬT QUÂN KHU,I13,,I,13,ĐẠI TÁ,NGUYỄN NGỌC BÂNG,ĐẠI TÁ | NGUYỄN NGỌC BÂNG | NGUYÊN CHỦ NHIỆM | KỸ THUẬT QUÂN KHU
ĐẠI TÁ DƯƠNG CÔNG TRI,NGUYÊN PHÓ CN HẬU CẦN QUÂN KHU,I15,,I,15,ĐẠI TÁ,DƯƠNG CÔNG TRI,ĐẠI TÁ | DƯƠNG CÔNG TRI | NGUYÊN PHÓ CN | HẬU CẦN QUÂN KHU
ĐẠI TÁ VÕ HOÀI NAM,NGUYÊN CHỦ NHIỆM HẬU CẦN QUÂN KHU,I17,,I,17,ĐẠI TÁ,VÕ HOÀI NAM,ĐẠI TÁ | VÕ HOÀI NAM | NGUYÊN CHỦ NHIỆM | HẬU CẦN QUÂN KHU
ĐẠI TÁ NGÔ TẤN NHẤT,NGUYÊN CHÍNH ỦY CỤC HẬU CẦN QK,I19,,I,19,ĐẠI TÁ,NGÔ TẤN NHẤT,ĐẠI TÁ | NGÔ TẤN NHẤT | NGUYÊN CHÍNH ỦY | CỤC HẬU CẦN QK
SƯ ĐOÀN TRƯỞNG SƯ ĐOÀN BB315,,J20,,J,20,SƯ ĐOÀN TRƯỞNG,SƯ ĐOÀN BB315,SƯ ĐOÀN TRƯỞNG | SƯ ĐOÀN BB315
SƯ ĐOÀN TRƯỞNG SƯ ĐOÀN BB2,,J18,,J,18,SƯ ĐOÀN TRƯỞNG,SƯ ĐOÀN BB2,SƯ ĐOÀN TRƯỞNG | SƯ ĐOÀN BB2
CHỈ HUY TRƯỞNG BCHQS T. K. HÒA,,J16,,J,16,CHỈ HUY TRƯỞNG,BCHQS T. K. HÒA,CHỈ HUY TRƯỞNG | BCHQS T. K. HÒA
CHÍNH ỦY BCHQS T. ĐĂK LĂK,,J14,,J,14,CHÍNH ỦY,BCHQS T. ĐĂK LĂK,CHÍNH ỦY | BCHQS T. ĐĂK LĂK
CHỈ HUY TRƯỞNG BCHQS TỈNH GIA LAI,,J12,,J,12,CHỈ HUY TRƯỞNG,BCHQS TỈNH GIA LAI,CHỈ HUY TRƯỞNG | BCHQS TỈNH GIA LAI
CHỈ HUY TRƯỞNG BCHQS TỈNH Q. NGÃI,,J10,,J,10,CHỈ HUY TRƯỞNG,BCHQS TỈNH Q. NGÃI,CHỈ HUY TRƯỞNG | BCHQS TỈNH Q. NGÃI
CHÍNH ỦY BCHQS TP. ĐÀ NẴNG,,J8,,J,8,CHÍNH ỦY,BCHQS TP. ĐÀ NẴNG,CHÍNH ỦY | BCHQS TP. ĐÀ NẴNG
ĐẠI BIỂU TẬP ĐOÀN VIETTEL,ĐÀ NẴNG,J6,,J,6,ĐẠI BIỂU,TẬP ĐOÀN VIETTEL,ĐẠI BIỂU | TẬP ĐOÀN VIETTEL | ĐÀ NẴNG
ĐẠI BIỂU LÃNH ĐẠO ĐÀI TRUYỀN HÌNH,VIỆT NAM VTV8,J4,,J,4,ĐẠI BIỂU LÃNH ĐẠO,ĐÀI TRUYỀN HÌNH,ĐẠI BIỂU LÃNH ĐẠO | ĐÀI TRUYỀN HÌNH | VIỆT NAM VTV8
ĐẠI BIỂU LÃNH ĐẠO TRUNG TÂM,PT - TH QUÂN ĐỘI,J2,,J,2,ĐẠI BIỂU LÃNH ĐẠO,TRUNG TÂM,ĐẠI BIỂU LÃNH ĐẠO | TRUNG TÂM | PT - TH | QUÂN ĐỘI
ĐẠI TÁ TRẦN VĂN THIÊN,PHÓ CHỦ NHIỆM HC - KT QUÂN KHU,J1,,J,1,ĐẠI TÁ,TRẦN VĂN THIÊN,ĐẠI TÁ | TRẦN VĂN THIÊN | PHÓ CHỦ NHIỆM HC - KT | QUÂN KHU
ĐẠI TÁ TRẦN ANH TUẤN,PHÓ CHỦ NHIỆM HC - KT QUÂN KHU,J3,,J,3,ĐẠI TÁ,TRẦN ANH TUẤN,ĐẠI TÁ | TRẦN ANH TUẤN | PHÓ CHỦ NHIỆM HC - KT | QUÂN KHU
ĐẠI TÁ LÊ QUANG TRÌNH,NGUYÊN CHÍNH ỦY CỤC HẬU CẦN QK,J5,,J,5,ĐẠI TÁ,LÊ QUANG TRÌNH,ĐẠI TÁ | LÊ QUANG TRÌNH | NGUYÊN CHÍNH ỦY | CỤC HẬU CẦN QK
ĐẠI TÁ NGUYỄN VĂN KHÁNH,NGUYÊN CHÍNH ỦY CỤC KỸ THUẬT QK,J7,,J,7,ĐẠI TÁ,NGUYỄN VĂN KHÁNH,ĐẠI TÁ | NGUYỄN VĂN KHÁNH | NGUYÊN CHÍNH ỦY | CỤC KỸ THUẬT QK
ĐẠI TÁ TRẦN THIỆN PHƯỚC,NGUYÊN PHÓ CN HẬU CẦN QUÂN KHU,J9,,J,9,ĐẠI TÁ,TRẦN THIỆN PHƯỚC,ĐẠI TÁ | TRẦN THIỆN PHƯỚC | NGUYÊN PHÓ CN | HẬU CẦN QUÂN KHU
`,,J17,,J,17,`,,`
CHÍNH ỦY SƯ ĐOÀN BB315,,K20,,K,20,CHÍNH ỦY,SƯ ĐOÀN BB315,CHÍNH ỦY | SƯ ĐOÀN BB315
CHÍNH ỦY SƯ ĐOÀN BB2,,K18,,K,18,CHÍNH ỦY,SƯ ĐOÀN BB2,CHÍNH ỦY | SƯ ĐOÀN BB2
CHÍNH ỦY BCHQS T. K. HÒA,,K16,,K,16,CHÍNH ỦY,BCHQS T. K. HÒA,CHÍNH ỦY | BCHQS T. K. HÒA
CHỈ HUY TRƯỞNG BAN CHỈ HUY BĐBP T. ĐĂK LĂK,,K14,,K,14,CHỈ HUY TRƯỞNG,BAN CHỈ HUY BĐBP T. ĐĂK LĂK,CHỈ HUY TRƯỞNG | BAN CHỈ HUY BĐBP T. ĐĂK LĂK
CHÍNH ỦY BCHQS T. GIA LAI,,K12,,K,12,CHÍNH ỦY,BCHQS T. GIA LAI,CHÍNH ỦY | BCHQS T. GIA LAI
CHÍNH ỦY BCHQS TỈNH Q.NGÃI,,K10,,K,10,CHÍNH ỦY,BCHQS TỈNH Q.NGÃI,CHÍNH ỦY | BCHQS TỈNH Q.NGÃI
CHỈ HUY TRƯỞNG BAN CHỈ HUY BĐBP TP. ĐÀ NẴNG,,K8,,K,8,CHỈ HUY TRƯỞNG,BAN CHỈ HUY BĐBP TP. ĐÀ NẴNG,CHỈ HUY TRƯỞNG | BAN CHỈ HUY BĐBP TP. ĐÀ NẴNG
HIỆU TRƯỞNG TRƯỜNG QUÂN SỰ,,K6,,K,6,HIỆU TRƯỞNG,TRƯỜNG QUÂN SỰ,HIỆU TRƯỞNG | TRƯỜNG QUÂN SỰ
LỮ ĐOÀN TRƯỞNG LỮ ĐOÀN PB368,,K4,,K,4,LỮ ĐOÀN TRƯỞNG,LỮ ĐOÀN PB368,LỮ ĐOÀN TRƯỞNG | LỮ ĐOÀN PB368
LỮ ĐOÀN TRƯỞNG LỮ ĐOÀN PB572,,K2,,K,2,LỮ ĐOÀN TRƯỞNG,LỮ ĐOÀN PB572,LỮ ĐOÀN TRƯỞNG | LỮ ĐOÀN PB572
CHÍNH ỦY SƯ ĐOÀN BB307,,L20,,L,20,CHÍNH ỦY,SƯ ĐOÀN BB307,CHÍNH ỦY | SƯ ĐOÀN BB307
SƯ ĐOÀN TRƯỞNG SƯ ĐOÀN BB305,,L18,,L,18,SƯ ĐOÀN TRƯỞNG,SƯ ĐOÀN BB305,SƯ ĐOÀN TRƯỞNG | SƯ ĐOÀN BB305
CHỈ HUY TRƯỞNG BAN CHỈ HUY BĐBP T. KHÁNH HÒA,,L16,,L,16,CHỈ HUY TRƯỞNG,BAN CHỈ HUY BĐBP T. KHÁNH HÒA,CHỈ HUY TRƯỞNG | BAN CHỈ HUY BĐBP T. KHÁNH HÒA
CHÍNH ỦY BAN CHỈ HUY BĐBP T. ĐĂK LĂK,,L14,,L,14,CHÍNH ỦY,BAN CHỈ HUY BĐBP T. ĐĂK LĂK,CHÍNH ỦY | BAN CHỈ HUY BĐBP T. ĐĂK LĂK
CHỈ HUY TRƯỞNG BAN CHỈ HUY BĐBP T. GIA LAI,,L12,,L,12,CHỈ HUY TRƯỞNG,BAN CHỈ HUY BĐBP T. GIA LAI,CHỈ HUY TRƯỞNG | BAN CHỈ HUY BĐBP T. GIA LAI
CHỈ HUY TRƯỞNG BAN CHỈ HUY BĐBP T. QUẢNG NGÃI,,L10,,L,10,CHỈ HUY TRƯỞNG,BAN CHỈ HUY BĐBP T. QUẢNG NGÃI,CHỈ HUY TRƯỞNG | BAN CHỈ HUY BĐBP T. QUẢNG NGÃI
CHÍNH ỦY BAN CHỈ HUY BĐBP TP. ĐÀ NẴNG,,L8,,L,8,CHÍNH ỦY,BAN CHỈ HUY BĐBP TP. ĐÀ NẴNG,CHÍNH ỦY | BAN CHỈ HUY BĐBP TP. ĐÀ NẴNG
CHÍNH ỦY TRƯỜNG QUÂN SỰ,,L6,,L,6,CHÍNH ỦY,TRƯỜNG QUÂN SỰ,CHÍNH ỦY | TRƯỜNG QUÂN SỰ
CHÍNH ỦY LỮ ĐOÀN PB368,,L4,,L,4,CHÍNH ỦY,LỮ ĐOÀN PB368,CHÍNH ỦY | LỮ ĐOÀN PB368
CHÍNH ỦY LỮ ĐOÀN PB572,,L2,,L,2,CHÍNH ỦY,LỮ ĐOÀN PB572,CHÍNH ỦY | LỮ ĐOÀN PB572
ĐOÀN TRƯỜNG ĐOÀN KT-QP516,,M20,,M,20,ĐOÀN TRƯỜNG,ĐOÀN KT-QP516,ĐOÀN TRƯỜNG | ĐOÀN KT-QP516
CHÍNH ỦY SƯ ĐOÀN BB305,,M18,,M,18,CHÍNH ỦY,SƯ ĐOÀN BB305,CHÍNH ỦY | SƯ ĐOÀN BB305
CHÍNH ỦY BAN CHỈ HUY BĐBP T. KHÁNH HÒA,,M16,,M,16,CHÍNH ỦY,BAN CHỈ HUY BĐBP T. KHÁNH HÒA,CHÍNH ỦY | BAN CHỈ HUY BĐBP T. KHÁNH HÒA
GIÁM ĐỐC CÔNG TY CÀ PHÊ 15,,M14,,M,14,GIÁM ĐỐC,CÔNG TY CÀ PHÊ 15,GIÁM ĐỐC | CÔNG TY CÀ PHÊ 15
CHÍNH ỦY BAN CHỈ HUY BĐBP T. GIA LAI,,M12,,M,12,CHÍNH ỦY,BAN CHỈ HUY BĐBP T. GIA LAI,CHÍNH ỦY | BAN CHỈ HUY BĐBP T. GIA LAI
CHÍNH ỦY BAN CHỈ HUY BĐBP T. QUẢNG NGÃI,,M10,,M,10,CHÍNH ỦY,BAN CHỈ HUY BĐBP T. QUẢNG NGÃI,CHÍNH ỦY | BAN CHỈ HUY BĐBP T. QUẢNG NGÃI
LỮ ĐOÀN TRƯỞNG LỮ ĐOÀN CB270,,M8,,M,8,LỮ ĐOÀN TRƯỞNG,LỮ ĐOÀN CB270,LỮ ĐOÀN TRƯỞNG | LỮ ĐOÀN CB270
LỮ ĐOÀN TRƯỞNG LỮ ĐOÀN TT575,,M6,,M,6,LỮ ĐOÀN TRƯỞNG,LỮ ĐOÀN TT575,LỮ ĐOÀN TRƯỞNG | LỮ ĐOÀN TT575
LỮ ĐOÀN TRƯỞNG LỮ ĐOÀN TTG574,,M4,,M,4,LỮ ĐOÀN TRƯỞNG,LỮ ĐOÀN TTG574,LỮ ĐOÀN TRƯỞNG | LỮ ĐOÀN TTG574
LỮ ĐOÀN TRƯỞNG LỮ ĐOÀN PPK573,,M2,,M,2,LỮ ĐOÀN TRƯỞNG,LỮ ĐOÀN PPK573,LỮ ĐOÀN TRƯỞNG | LỮ ĐOÀN PPK573
CHÍNH ỦY ĐOÀN KT-QP516,,N20,,N,20,CHÍNH ỦY,ĐOÀN KT-QP516,CHÍNH ỦY | ĐOÀN KT-QP516
ĐOÀN TRƯỜNG ĐOÀN KT-QP207,,N18,,N,18,ĐOÀN TRƯỜNG,ĐOÀN KT-QP207,ĐOÀN TRƯỜNG | ĐOÀN KT-QP207
GIÁM ĐỐC C.TY NAM LÀO (206),,N16,,N,16,GIÁM ĐỐC,C.TY NAM LÀO (206),GIÁM ĐỐC | C.TY NAM LÀO (206)
CHÍNH ỦY CÔNG TY CÀ PHÊ 15,,N14,,N,14,CHÍNH ỦY,CÔNG TY CÀ PHÊ 15,CHÍNH ỦY | CÔNG TY CÀ PHÊ 15
HIỆU TRƯỞNG TRƯỜNG THIẾU SINH QUÂN,,N12,,N,12,HIỆU TRƯỞNG TRƯỜNG,THIẾU SINH QUÂN,HIỆU TRƯỞNG TRƯỜNG | THIẾU SINH QUÂN
LỮ ĐOÀN TRƯỞNG LỮ ĐOÀN CB280,,N10,,N,10,LỮ ĐOÀN TRƯỞNG,LỮ ĐOÀN CB280,LỮ ĐOÀN TRƯỞNG | LỮ ĐOÀN CB280
CHÍNH ỦY LỮ ĐOÀN CB270,,N8,,N,8,CHÍNH ỦY,LỮ ĐOÀN CB270,CHÍNH ỦY | LỮ ĐOÀN CB270
CHÍNH ỦY LỮ ĐOÀN TT575,,N6,,N,6,CHÍNH ỦY,LỮ ĐOÀN TT575,CHÍNH ỦY | LỮ ĐOÀN TT575
CHÍNH ỦY LỮ ĐOÀN TTG574,,N4,,N,4,CHÍNH ỦY,LỮ ĐOÀN TTG574,CHÍNH ỦY | LỮ ĐOÀN TTG574
CHÍNH ỦY LỮ ĐOÀN PPK573,,N2,,N,2,CHÍNH ỦY,LỮ ĐOÀN PPK573,CHÍNH ỦY | LỮ ĐOÀN PPK573
CHÍNH ỦY ĐOÀN KT-QP207,,O14,,O,14,CHÍNH ỦY,ĐOÀN KT-QP207,CHÍNH ỦY | ĐOÀN KT-QP207
CHÍNH ỦY C.TY NAM LÀO (206),,O12,,O,12,CHÍNH ỦY,C.TY NAM LÀO (206),CHÍNH ỦY | C.TY NAM LÀO (206)
CHÍNH ỦY TRƯỜNG THIẾU SINH QUÂN,,O10,,O,10,CHÍNH ỦY TRƯỜNG,THIẾU SINH QUÂN,CHÍNH ỦY TRƯỜNG | THIẾU SINH QUÂN
CHÍNH ỦY LỮ ĐOÀN CB280,,O8,,O,8,CHÍNH ỦY,LỮ ĐOÀN CB280,CHÍNH ỦY | LỮ ĐOÀN CB280
ĐOÀN TRƯỜNG ĐOÀN KT-QP737,,O6,,O,6,ĐOÀN TRƯỜNG,ĐOÀN KT-QP737,ĐOÀN TRƯỜNG | ĐOÀN KT-QP737
CHÍNH ỦY T.TÂM XLBM&MT,,O4,,O,4,CHÍNH ỦY,T.TÂM XLBM&MT,CHÍNH ỦY | T.TÂM XLBM&MT
GIÁM ĐỐC T.TÂM XLBM&MT,,O2,,O,2,GIÁM ĐỐC,T.TÂM XLBM&MT,GIÁM ĐỐC | T.TÂM XLBM&MT
CHÍNH ỦY ĐOÀN KT-QP737,,P2,,P,2,CHÍNH ỦY,ĐOÀN KT-QP737,CHÍNH ỦY | ĐOÀN KT-QP737
